id_job	feature_2_stand_0	feature_2_stand_1	max_feature_2_index	max_feature_2_abs_mean_diff	feature_3_stand_0	feature_3_stand_1	max_feature_3_index	max_feature_3_abs_mean_diff	feature_4_stand_0	feature_4_stand_1	max_feature_4_index	max_feature_4_abs_mean_diff
-9168029089769934451	1.0437042352808619	0.5	1.0	61.5	NA	NA	NA	NA	1.4868289908274186	0.4102381067202715	1.0	49.399999999999636
-9167993139315005259	-0.5107488810948898	0.5	1.0	61.5	NA	NA	NA	NA	-0.35580357378608135	0.4102381067202715	1.0	49.399999999999636
-9167993136660569470	NA	NA	NA	NA	0.7071067811865475	0.7071067811865475	1.0	0.5	NA	NA	NA	NA
-9167993126042826314	NA	NA	NA	NA	-0.7071067811865475	-0.7071067811865475	1.0	0.5	-0.6348307907132685	0.40027280858131736	1.0	48.399999999999636
-9167914043308884846	-1.1347507749542987	-1.5	1.0	184.5	NA	NA	NA	NA	-1.0954889318666434	-2.0412252354624396	1.0	196.60000000000036
-9167902304941037655	0.6017954207683267	0.5	1.0	61.5	NA	NA	NA	NA	0.9629948760301521	0.4102381067202715	1.0	49.399999999999636
